-- MySQL Script generated by MySQL Workbench
-- Mon 17 Feb 2025 10:18:47 AM CST
-- Model: New Model    Version: 1.0
-- MySQL Workbench Forward Engineering

SET @OLD_UNIQUE_CHECKS=@@UNIQUE_CHECKS, UNIQUE_CHECKS=0;
SET @OLD_FOREIGN_KEY_CHECKS=@@FOREIGN_KEY_CHECKS, FOREIGN_KEY_CHECKS=0;
SET @OLD_SQL_MODE=@@SQL_MODE, SQL_MODE='ONLY_FULL_GROUP_BY,STRICT_TRANS_TABLES,NO_ZERO_IN_DATE,NO_ZERO_DATE,ERROR_FOR_DIVISION_BY_ZERO,NO_ENGINE_SUBSTITUTION';

-- -----------------------------------------------------
-- Schema mydb
-- -----------------------------------------------------

-- -----------------------------------------------------
-- Schema mydb
-- -----------------------------------------------------
CREATE SCHEMA IF NOT EXISTS `mydb` DEFAULT CHARACTER SET utf8 ;
USE `mydb` ;

-- -----------------------------------------------------
-- Table `mydb`.`TipoReporte`
-- -----------------------------------------------------
DROP TABLE IF EXISTS `mydb`.`TipoReporte` ;

CREATE TABLE IF NOT EXISTS `mydb`.`TipoReporte` (
  `TipoReporteId` INT NOT NULL,
  `TipoReporte` VARCHAR(45) NOT NULL,
  PRIMARY KEY (`TipoReporteId`))
ENGINE = InnoDB;


-- -----------------------------------------------------
-- Table `mydb`.`Usuarios`
-- -----------------------------------------------------
DROP TABLE IF EXISTS `mydb`.`Usuarios` ;

CREATE TABLE IF NOT EXISTS `mydb`.`Usuarios` (
  `UsuarioId` INT NOT NULL AUTO_INCREMENT,
  `NivelAcceso` INT NULL DEFAULT 0 COMMENT 'Define el nivel de Acceso de un usuario\n\n0 = User\n1 = ',
  `Username` VARCHAR(45) NOT NULL,
  `Password` VARCHAR(45) NOT NULL,
  PRIMARY KEY (`UsuarioId`),
  UNIQUE INDEX `Username_UNIQUE` (`Username` ASC) VISIBLE,
  UNIQUE INDEX `UsuarioId_UNIQUE` (`UsuarioId` ASC) VISIBLE)
ENGINE = InnoDB;


-- -----------------------------------------------------
-- Table `mydb`.`Provincias`
-- -----------------------------------------------------
DROP TABLE IF EXISTS `mydb`.`Provincias` ;

CREATE TABLE IF NOT EXISTS `mydb`.`Provincias` (
  `ProvinciaId` INT NOT NULL,
  `Provincia` VARCHAR(45) NOT NULL,
  PRIMARY KEY (`ProvinciaId`),
  UNIQUE INDEX `ProvinciaNombre_UNIQUE` (`Provincia` ASC) VISIBLE)
ENGINE = InnoDB;


-- -----------------------------------------------------
-- Table `mydb`.`Cantones`
-- -----------------------------------------------------
DROP TABLE IF EXISTS `mydb`.`Cantones` ;

CREATE TABLE IF NOT EXISTS `mydb`.`Cantones` (
  `CantonId` INT NOT NULL,
  `Canton` VARCHAR(45) NOT NULL,
  `ProvinciaId` INT NOT NULL,
  PRIMARY KEY (`CantonId`),
  INDEX `fk_Cantones_Provincias1_idx` (`ProvinciaId` ASC) VISIBLE,
  CONSTRAINT `fk_Cantones_Provincias1`
    FOREIGN KEY (`ProvinciaId`)
    REFERENCES `mydb`.`Provincias` (`ProvinciaId`)
    ON DELETE NO ACTION
    ON UPDATE NO ACTION)
ENGINE = InnoDB;


-- -----------------------------------------------------
-- Table `mydb`.`Distritos`
-- -----------------------------------------------------
DROP TABLE IF EXISTS `mydb`.`Distritos` ;

CREATE TABLE IF NOT EXISTS `mydb`.`Distritos` (
  `DistritoId` INT NOT NULL,
  `Distrito` VARCHAR(45) NOT NULL,
  `CantonId` INT NOT NULL,
  PRIMARY KEY (`DistritoId`),
  INDEX `fk_Distritos_Cantones1_idx` (`CantonId` ASC) VISIBLE,
  CONSTRAINT `fk_Distritos_Cantones1`
    FOREIGN KEY (`CantonId`)
    REFERENCES `mydb`.`Cantones` (`CantonId`)
    ON DELETE NO ACTION
    ON UPDATE NO ACTION)
ENGINE = InnoDB;


-- -----------------------------------------------------
-- Table `mydb`.`Calles`
-- -----------------------------------------------------
DROP TABLE IF EXISTS `mydb`.`Calles` ;

CREATE TABLE IF NOT EXISTS `mydb`.`Calles` (
  `CalleId` INT NOT NULL AUTO_INCREMENT,
  `NombreCalle` VARCHAR(45) NOT NULL,
  `DistritoId` INT NOT NULL,
  PRIMARY KEY (`CalleId`),
  INDEX `fk_Calles_Distritos1_idx` (`DistritoId` ASC) VISIBLE,
  CONSTRAINT `fk_Calles_Distritos1`
    FOREIGN KEY (`DistritoId`)
    REFERENCES `mydb`.`Distritos` (`DistritoId`)
    ON DELETE NO ACTION
    ON UPDATE NO ACTION)
ENGINE = InnoDB;


-- -----------------------------------------------------
-- Table `mydb`.`Reporte`
-- -----------------------------------------------------
DROP TABLE IF EXISTS `mydb`.`Reporte` ;

CREATE TABLE IF NOT EXISTS `mydb`.`Reporte` (
  `ReporteId` INT NOT NULL AUTO_INCREMENT,
  `Mensaje` VARCHAR(45) NULL,
  `CoordenadaX` FLOAT NOT NULL DEFAULT 0,
  `CoordenadaY` FLOAT NOT NULL DEFAULT 0,
  `Activo` TINYINT NOT NULL DEFAULT 1,
  `TipoReporteId` INT NOT NULL,
  `UsuarioId` INT NOT NULL,
  `DistritoId` INT NOT NULL,
  `CalleId` INT NOT NULL,
  PRIMARY KEY (`ReporteId`),
  INDEX `fk_Reporte_TipoReporte_idx` (`TipoReporteId` ASC) VISIBLE,
  INDEX `fk_Reporte_Usuarios1_idx` (`UsuarioId` ASC) VISIBLE,
  INDEX `fk_Reporte_Distritos1_idx` (`DistritoId` ASC) VISIBLE,
  INDEX `fk_Reporte_Calles1_idx` (`CalleId` ASC) VISIBLE,
  CONSTRAINT `fk_Reporte_TipoReporte`
    FOREIGN KEY (`TipoReporteId`)
    REFERENCES `mydb`.`TipoReporte` (`TipoReporteId`)
    ON DELETE NO ACTION
    ON UPDATE NO ACTION,
  CONSTRAINT `fk_Reporte_Usuarios1`
    FOREIGN KEY (`UsuarioId`)
    REFERENCES `mydb`.`Usuarios` (`UsuarioId`)
    ON DELETE NO ACTION
    ON UPDATE NO ACTION,
  CONSTRAINT `fk_Reporte_Distritos1`
    FOREIGN KEY (`DistritoId`)
    REFERENCES `mydb`.`Distritos` (`DistritoId`)
    ON DELETE NO ACTION
    ON UPDATE NO ACTION,
  CONSTRAINT `fk_Reporte_Calles1`
    FOREIGN KEY (`CalleId`)
    REFERENCES `mydb`.`Calles` (`CalleId`)
    ON DELETE NO ACTION
    ON UPDATE NO ACTION)
ENGINE = InnoDB;


-- -----------------------------------------------------
-- Table `mydb`.`Usuarios_has_Distritos`
-- -----------------------------------------------------
DROP TABLE IF EXISTS `mydb`.`Usuarios_has_Distritos` ;

CREATE TABLE IF NOT EXISTS `mydb`.`Usuarios_has_Distritos` (
  `Usuarios_UsuarioId` INT NOT NULL,
  `Distritos_DistritoId` INT NOT NULL,
  PRIMARY KEY (`Usuarios_UsuarioId`, `Distritos_DistritoId`),
  INDEX `fk_Usuarios_has_Distritos_Distritos1_idx` (`Distritos_DistritoId` ASC) VISIBLE,
  INDEX `fk_Usuarios_has_Distritos_Usuarios1_idx` (`Usuarios_UsuarioId` ASC) VISIBLE,
  CONSTRAINT `fk_Usuarios_has_Distritos_Usuarios1`
    FOREIGN KEY (`Usuarios_UsuarioId`)
    REFERENCES `mydb`.`Usuarios` (`UsuarioId`)
    ON DELETE NO ACTION
    ON UPDATE NO ACTION,
  CONSTRAINT `fk_Usuarios_has_Distritos_Distritos1`
    FOREIGN KEY (`Distritos_DistritoId`)
    REFERENCES `mydb`.`Distritos` (`DistritoId`)
    ON DELETE NO ACTION
    ON UPDATE NO ACTION)
ENGINE = InnoDB;


SET SQL_MODE=@OLD_SQL_MODE;
SET FOREIGN_KEY_CHECKS=@OLD_FOREIGN_KEY_CHECKS;
SET UNIQUE_CHECKS=@OLD_UNIQUE_CHECKS;
INSERT INTO Provincias VALUES (1,"San José");
INSERT INTO Provincias VALUES (2,"Alajuela");
INSERT INTO Provincias VALUES (3,"Cartago");
INSERT INTO Provincias VALUES (4,"Heredia");
INSERT INTO Provincias VALUES (5,"Guanacaste");
INSERT INTO Provincias VALUES (6,"Puntarenas");
INSERT INTO Provincias VALUES (7,"Limón");
INSERT INTO Cantones VALUES (101,"San José",1);
INSERT INTO Cantones VALUES (102,"Escazú",1);
INSERT INTO Cantones VALUES (103,"Desamparados",1);
INSERT INTO Cantones VALUES (104,"Puriscal",1);
INSERT INTO Cantones VALUES (105,"Tarrazú",1);
INSERT INTO Cantones VALUES (106,"Aserrí",1);
INSERT INTO Cantones VALUES (107,"Mora",1);
INSERT INTO Cantones VALUES (108,"Goicoechea",1);
INSERT INTO Cantones VALUES (109,"Santa Ana",1);
INSERT INTO Cantones VALUES (110,"Alajuelita",1);
INSERT INTO Cantones VALUES (111,"Vázquez De Coronado",1);
INSERT INTO Cantones VALUES (112,"Acosta",1);
INSERT INTO Cantones VALUES (113,"Tibás",1);
INSERT INTO Cantones VALUES (114,"Moravia",1);
INSERT INTO Cantones VALUES (115,"Montes De Oca",1);
INSERT INTO Cantones VALUES (116,"Turrubares",1);
INSERT INTO Cantones VALUES (117,"Dota",1);
INSERT INTO Cantones VALUES (118,"Curridabat",1);
INSERT INTO Cantones VALUES (119,"Pérez Zeledón",1);
INSERT INTO Cantones VALUES (120,"León Cortés Castro",1);
INSERT INTO Cantones VALUES (201,"Alajuela",2);
INSERT INTO Cantones VALUES (202,"San Ramón",2);
INSERT INTO Cantones VALUES (203,"Grecia",2);
INSERT INTO Cantones VALUES (204,"San Mateo",2);
INSERT INTO Cantones VALUES (205,"Atenas",2);
INSERT INTO Cantones VALUES (206,"Naranjo",2);
INSERT INTO Cantones VALUES (207,"Palmares",2);
INSERT INTO Cantones VALUES (208,"Poás",2);
INSERT INTO Cantones VALUES (209,"Orotina",2);
INSERT INTO Cantones VALUES (210,"San Carlos",2);
INSERT INTO Cantones VALUES (211,"Zarcero",2);
INSERT INTO Cantones VALUES (212,"Sarchí",2);
INSERT INTO Cantones VALUES (213,"Upala",2);
INSERT INTO Cantones VALUES (214,"Los Chiles",2);
INSERT INTO Cantones VALUES (215,"Guatuso",2);
INSERT INTO Cantones VALUES (216,"Río Cuarto",2);
INSERT INTO Cantones VALUES (301,"Cartago",3);
INSERT INTO Cantones VALUES (302,"Paraíso",3);
INSERT INTO Cantones VALUES (303,"La Unión",3);
INSERT INTO Cantones VALUES (304,"Jiménez",3);
INSERT INTO Cantones VALUES (305,"Turrialba",3);
INSERT INTO Cantones VALUES (306,"Alvarado",3);
INSERT INTO Cantones VALUES (307,"Oreamuno",3);
INSERT INTO Cantones VALUES (308,"El Guarco",3);
INSERT INTO Cantones VALUES (401,"Heredia",4);
INSERT INTO Cantones VALUES (402,"Barva",4);
INSERT INTO Cantones VALUES (403,"Santo Domingo",4);
INSERT INTO Cantones VALUES (404,"Santa Bárbara",4);
INSERT INTO Cantones VALUES (405,"San Rafael",4);
INSERT INTO Cantones VALUES (406,"San Isidro",4);
INSERT INTO Cantones VALUES (407,"Belén",4);
INSERT INTO Cantones VALUES (408,"Flores",4);
INSERT INTO Cantones VALUES (409,"San Pablo",4);
INSERT INTO Cantones VALUES (410,"Sarapiquí",4);
INSERT INTO Cantones VALUES (501,"Liberia",5);
INSERT INTO Cantones VALUES (502,"Nicoya",5);
INSERT INTO Cantones VALUES (503,"Santa Cruz",5);
INSERT INTO Cantones VALUES (504,"Bagaces",5);
INSERT INTO Cantones VALUES (505,"Carrillo",5);
INSERT INTO Cantones VALUES (506,"Cañas",5);
INSERT INTO Cantones VALUES (507,"Abangares",5);
INSERT INTO Cantones VALUES (508,"Tilarán",5);
INSERT INTO Cantones VALUES (509,"Nandayure",5);
INSERT INTO Cantones VALUES (510,"La Cruz",5);
INSERT INTO Cantones VALUES (511,"Hojancha",5);
INSERT INTO Cantones VALUES (601,"Puntarenas",6);
INSERT INTO Cantones VALUES (602,"Esparza",6);
INSERT INTO Cantones VALUES (603,"Buenos Aires",6);
INSERT INTO Cantones VALUES (604,"Montes De Oro",6);
INSERT INTO Cantones VALUES (605,"Osa",6);
INSERT INTO Cantones VALUES (606,"Quepos",6);
INSERT INTO Cantones VALUES (607,"Golfito",6);
INSERT INTO Cantones VALUES (608,"Coto Brus",6);
INSERT INTO Cantones VALUES (609,"Parrita",6);
INSERT INTO Cantones VALUES (610,"Corredores",6);
INSERT INTO Cantones VALUES (611,"Garabito",6);
INSERT INTO Cantones VALUES (612,"Monteverde",6);
INSERT INTO Cantones VALUES (613,"Puerto Jiménez",6);
INSERT INTO Cantones VALUES (701,"Limón",7);
INSERT INTO Cantones VALUES (702,"Pococí",7);
INSERT INTO Cantones VALUES (703,"Siquirres",7);
INSERT INTO Cantones VALUES (704,"Talamanca",7);
INSERT INTO Cantones VALUES (705,"Matina",7);
INSERT INTO Cantones VALUES (706,"Guácimo",7);
INSERT INTO Distritos VALUES (10101,"Carmen",101);
INSERT INTO Distritos VALUES (10102,"Merced",101);
INSERT INTO Distritos VALUES (10103,"Hospital",101);
INSERT INTO Distritos VALUES (10104,"Catedral",101);
INSERT INTO Distritos VALUES (10105,"Zapote",101);
INSERT INTO Distritos VALUES (10106,"San Francisco De Dos Ríos",101);
INSERT INTO Distritos VALUES (10107,"Uruca",101);
INSERT INTO Distritos VALUES (10108,"Mata Redonda",101);
INSERT INTO Distritos VALUES (10109,"Pavas",101);
INSERT INTO Distritos VALUES (10110,"Hatillo",101);
INSERT INTO Distritos VALUES (10111,"San Sebastián",101);
INSERT INTO Distritos VALUES (10201,"Escazú",102);
INSERT INTO Distritos VALUES (10202,"San Antonio",102);
INSERT INTO Distritos VALUES (10203,"San Rafael",102);
INSERT INTO Distritos VALUES (10301,"Desamparados",103);
INSERT INTO Distritos VALUES (10302,"San Miguel",103);
INSERT INTO Distritos VALUES (10303,"San Juan De Dios",103);
INSERT INTO Distritos VALUES (10304,"San Rafael Arriba",103);
INSERT INTO Distritos VALUES (10305,"San Antonio",103);
INSERT INTO Distritos VALUES (10306,"Frailes",103);
INSERT INTO Distritos VALUES (10307,"Patarrá",103);
INSERT INTO Distritos VALUES (10308,"San Cristóbal",103);
INSERT INTO Distritos VALUES (10309,"Rosario",103);
INSERT INTO Distritos VALUES (10310,"Damas",103);
INSERT INTO Distritos VALUES (10311,"San Rafael Abajo",103);
INSERT INTO Distritos VALUES (10312,"Gravilias",103);
INSERT INTO Distritos VALUES (10313,"Los Guido",103);
INSERT INTO Distritos VALUES (10401,"Santiago",104);
INSERT INTO Distritos VALUES (10402,"Mercedes Sur",104);
INSERT INTO Distritos VALUES (10403,"Barbacoas",104);
INSERT INTO Distritos VALUES (10404,"Grifo Alto",104);
INSERT INTO Distritos VALUES (10405,"San Rafael",104);
INSERT INTO Distritos VALUES (10406,"Candelarita",104);
INSERT INTO Distritos VALUES (10407,"Desamparaditos",104);
INSERT INTO Distritos VALUES (10408,"San Antonio",104);
INSERT INTO Distritos VALUES (10409,"Chires",104);
INSERT INTO Distritos VALUES (10501,"San Marcos",105);
INSERT INTO Distritos VALUES (10502,"San Lorenzo",105);
INSERT INTO Distritos VALUES (10503,"San Carlos",105);
INSERT INTO Distritos VALUES (10601,"Aserrí",106);
INSERT INTO Distritos VALUES (10602,"Tarbaca",106);
INSERT INTO Distritos VALUES (10603,"Vuelta De Jorco",106);
INSERT INTO Distritos VALUES (10604,"San Gabriel",106);
INSERT INTO Distritos VALUES (10605,"Legua",106);
INSERT INTO Distritos VALUES (10606,"Monterrey",106);
INSERT INTO Distritos VALUES (10607,"Salitrillos",106);
INSERT INTO Distritos VALUES (10701,"Colón",107);
INSERT INTO Distritos VALUES (10702,"Guayabo",107);
INSERT INTO Distritos VALUES (10703,"Tabarcia",107);
INSERT INTO Distritos VALUES (10704,"Piedras Negras",107);
INSERT INTO Distritos VALUES (10705,"Picagres",107);
INSERT INTO Distritos VALUES (10706,"Jaris",107);
INSERT INTO Distritos VALUES (10707,"Quitirrisí",107);
INSERT INTO Distritos VALUES (10801,"Guadalupe",108);
INSERT INTO Distritos VALUES (10802,"San Francisco",108);
INSERT INTO Distritos VALUES (10803,"Calle Blancos",108);
INSERT INTO Distritos VALUES (10804,"Mata De Plátano",108);
INSERT INTO Distritos VALUES (10805,"Ipís",108);
INSERT INTO Distritos VALUES (10806,"Rancho Redondo",108);
INSERT INTO Distritos VALUES (10807,"Purral",108);
INSERT INTO Distritos VALUES (10901,"Santa Ana",109);
INSERT INTO Distritos VALUES (10902,"Salitral",109);
INSERT INTO Distritos VALUES (10903,"Pozos",109);
INSERT INTO Distritos VALUES (10904,"Uruca",109);
INSERT INTO Distritos VALUES (10905,"Piedades",109);
INSERT INTO Distritos VALUES (10906,"Brasil",109);
INSERT INTO Distritos VALUES (11001,"Alajuelita",110);
INSERT INTO Distritos VALUES (11002,"San Josecito",110);
INSERT INTO Distritos VALUES (11003,"San Antonio",110);
INSERT INTO Distritos VALUES (11004,"Concepción",110);
INSERT INTO Distritos VALUES (11005,"San Felipe",110);
INSERT INTO Distritos VALUES (11101,"San Isidro",111);
INSERT INTO Distritos VALUES (11102,"San Rafael",111);
INSERT INTO Distritos VALUES (11103,"Dulce Nombre De Jesús",111);
INSERT INTO Distritos VALUES (11104,"Patalillo",111);
INSERT INTO Distritos VALUES (11105,"Cascajal",111);
INSERT INTO Distritos VALUES (11201,"San Ignacio",112);
INSERT INTO Distritos VALUES (11202,"Guaitil",112);
INSERT INTO Distritos VALUES (11203,"Palmichal",112);
INSERT INTO Distritos VALUES (11204,"Cangrejal",112);
INSERT INTO Distritos VALUES (11205,"Sabanillas",112);
INSERT INTO Distritos VALUES (11301,"San Juan",113);
INSERT INTO Distritos VALUES (11302,"Cinco Esquinas",113);
INSERT INTO Distritos VALUES (11303,"Anselmo Llorente",113);
INSERT INTO Distritos VALUES (11304,"León Xiii",113);
INSERT INTO Distritos VALUES (11305,"Colima",113);
INSERT INTO Distritos VALUES (11401,"San Vicente",114);
INSERT INTO Distritos VALUES (11402,"San Jerónimo",114);
INSERT INTO Distritos VALUES (11403,"La Trinidad",114);
INSERT INTO Distritos VALUES (11501,"San Pedro",115);
INSERT INTO Distritos VALUES (11502,"Sabanilla",115);
INSERT INTO Distritos VALUES (11503,"Mercedes",115);
INSERT INTO Distritos VALUES (11504,"San Rafael",115);
INSERT INTO Distritos VALUES (11601,"San Pablo",116);
INSERT INTO Distritos VALUES (11602,"San Pedro",116);
INSERT INTO Distritos VALUES (11603,"San Juan De Mata",116);
INSERT INTO Distritos VALUES (11604,"San Luis",116);
INSERT INTO Distritos VALUES (11605,"Carara",116);
INSERT INTO Distritos VALUES (11701,"Santa María",117);
INSERT INTO Distritos VALUES (11702,"Jardín",117);
INSERT INTO Distritos VALUES (11703,"Copey",117);
INSERT INTO Distritos VALUES (11801,"Curridabat",118);
INSERT INTO Distritos VALUES (11802,"Granadilla",118);
INSERT INTO Distritos VALUES (11803,"Sánchez",118);
INSERT INTO Distritos VALUES (11804,"Tirrases",118);
INSERT INTO Distritos VALUES (11901,"San Isidro De El General",119);
INSERT INTO Distritos VALUES (11902,"El General",119);
INSERT INTO Distritos VALUES (11903,"Daniel Flores",119);
INSERT INTO Distritos VALUES (11904,"Rivas",119);
INSERT INTO Distritos VALUES (11905,"San Pedro",119);
INSERT INTO Distritos VALUES (11906,"Platanares",119);
INSERT INTO Distritos VALUES (11907,"Pejibaye",119);
INSERT INTO Distritos VALUES (11908,"Cajón",119);
INSERT INTO Distritos VALUES (11909,"Barú",119);
INSERT INTO Distritos VALUES (11910,"Río Nuevo",119);
INSERT INTO Distritos VALUES (11911,"Páramo",119);
INSERT INTO Distritos VALUES (11912,"La Amistad",119);
INSERT INTO Distritos VALUES (12001,"San Pablo",120);
INSERT INTO Distritos VALUES (12002,"San Andrés",120);
INSERT INTO Distritos VALUES (12003,"Llano Bonito",120);
INSERT INTO Distritos VALUES (12004,"San Isidro",120);
INSERT INTO Distritos VALUES (12005,"Santa Cruz",120);
INSERT INTO Distritos VALUES (12006,"San Antonio",120);
INSERT INTO Distritos VALUES (20101,"Alajuela",201);
INSERT INTO Distritos VALUES (20102,"San José",201);
INSERT INTO Distritos VALUES (20103,"Carrizal",201);
INSERT INTO Distritos VALUES (20104,"San Antonio",201);
INSERT INTO Distritos VALUES (20105,"Guácima",201);
INSERT INTO Distritos VALUES (20106,"San Isidro",201);
INSERT INTO Distritos VALUES (20107,"Sabanilla",201);
INSERT INTO Distritos VALUES (20108,"San Rafael",201);
INSERT INTO Distritos VALUES (20109,"Río Segundo",201);
INSERT INTO Distritos VALUES (20110,"Desamparados",201);
INSERT INTO Distritos VALUES (20111,"Turrúcares",201);
INSERT INTO Distritos VALUES (20112,"Tambor",201);
INSERT INTO Distritos VALUES (20113,"Garita",201);
INSERT INTO Distritos VALUES (20114,"Sarapiquí",201);
INSERT INTO Distritos VALUES (20201,"San Ramón",202);
INSERT INTO Distritos VALUES (20202,"Santiago",202);
INSERT INTO Distritos VALUES (20203,"San Juan",202);
INSERT INTO Distritos VALUES (20204,"Piedades Norte",202);
INSERT INTO Distritos VALUES (20205,"Piedades Sur",202);
INSERT INTO Distritos VALUES (20206,"San Rafael",202);
INSERT INTO Distritos VALUES (20207,"San Isidro",202);
INSERT INTO Distritos VALUES (20208,"Ángeles",202);
INSERT INTO Distritos VALUES (20209,"Alfaro",202);
INSERT INTO Distritos VALUES (20210,"Volio",202);
INSERT INTO Distritos VALUES (20211,"Concepción",202);
INSERT INTO Distritos VALUES (20212,"Zapotal",202);
INSERT INTO Distritos VALUES (20213,"Peñas Blancas",202);
INSERT INTO Distritos VALUES (20214,"San Lorenzo",202);
INSERT INTO Distritos VALUES (20301,"Grecia",203);
INSERT INTO Distritos VALUES (20302,"San Isidro",203);
INSERT INTO Distritos VALUES (20303,"San José",203);
INSERT INTO Distritos VALUES (20304,"San Roque",203);
INSERT INTO Distritos VALUES (20305,"Tacares",203);
INSERT INTO Distritos VALUES (20307,"Puente De Piedra",203);
INSERT INTO Distritos VALUES (20308,"Bolívar",203);
INSERT INTO Distritos VALUES (20401,"San Mateo",204);
INSERT INTO Distritos VALUES (20402,"Desmonte",204);
INSERT INTO Distritos VALUES (20403,"Jesús María",204);
INSERT INTO Distritos VALUES (20404,"Labrador",204);
INSERT INTO Distritos VALUES (20501,"Atenas",205);
INSERT INTO Distritos VALUES (20502,"Jesús",205);
INSERT INTO Distritos VALUES (20503,"Mercedes",205);
INSERT INTO Distritos VALUES (20504,"San Isidro",205);
INSERT INTO Distritos VALUES (20505,"Concepción",205);
INSERT INTO Distritos VALUES (20506,"San José",205);
INSERT INTO Distritos VALUES (20507,"Santa Eulalia",205);
INSERT INTO Distritos VALUES (20508,"Escobal",205);
INSERT INTO Distritos VALUES (20601,"Naranjo",206);
INSERT INTO Distritos VALUES (20602,"San Miguel",206);
INSERT INTO Distritos VALUES (20603,"San José",206);
INSERT INTO Distritos VALUES (20604,"Cirrí Sur",206);
INSERT INTO Distritos VALUES (20605,"San Jerónimo",206);
INSERT INTO Distritos VALUES (20606,"San Juan",206);
INSERT INTO Distritos VALUES (20607,"El Rosario",206);
INSERT INTO Distritos VALUES (20608,"Palmitos",206);
INSERT INTO Distritos VALUES (20701,"Palmares",207);
INSERT INTO Distritos VALUES (20702,"Zaragoza",207);
INSERT INTO Distritos VALUES (20703,"Buenos Aires",207);
INSERT INTO Distritos VALUES (20704,"Santiago",207);
INSERT INTO Distritos VALUES (20705,"Candelaria",207);
INSERT INTO Distritos VALUES (20706,"Esquipulas",207);
INSERT INTO Distritos VALUES (20707,"La Granja",207);
INSERT INTO Distritos VALUES (20801,"San Pedro",208);
INSERT INTO Distritos VALUES (20802,"San Juan",208);
INSERT INTO Distritos VALUES (20803,"San Rafael",208);
INSERT INTO Distritos VALUES (20804,"Carrillos",208);
INSERT INTO Distritos VALUES (20805,"Sabana Redonda",208);
INSERT INTO Distritos VALUES (20901,"Orotina",209);
INSERT INTO Distritos VALUES (20902,"El Mastate",209);
INSERT INTO Distritos VALUES (20903,"Hacienda Vieja",209);
INSERT INTO Distritos VALUES (20904,"Coyolar",209);
INSERT INTO Distritos VALUES (20905,"La Ceiba",209);
INSERT INTO Distritos VALUES (21001,"Quesada",210);
INSERT INTO Distritos VALUES (21002,"Florencia",210);
INSERT INTO Distritos VALUES (21003,"Buenavista",210);
INSERT INTO Distritos VALUES (21004,"Aguas Zarcas",210);
INSERT INTO Distritos VALUES (21005,"Venecia",210);
INSERT INTO Distritos VALUES (21006,"Pital",210);
INSERT INTO Distritos VALUES (21007,"La Fortuna",210);
INSERT INTO Distritos VALUES (21008,"La Tigra",210);
INSERT INTO Distritos VALUES (21009,"La Palmera",210);
INSERT INTO Distritos VALUES (21010,"Venado",210);
INSERT INTO Distritos VALUES (21011,"Cutris",210);
INSERT INTO Distritos VALUES (21012,"Monterrey",210);
INSERT INTO Distritos VALUES (21013,"Pocosol",210);
INSERT INTO Distritos VALUES (21101,"Zarcero",211);
INSERT INTO Distritos VALUES (21102,"Laguna",211);
INSERT INTO Distritos VALUES (21103,"Tapesco",211);
INSERT INTO Distritos VALUES (21104,"Guadalupe",211);
INSERT INTO Distritos VALUES (21105,"Palmira",211);
INSERT INTO Distritos VALUES (21106,"Zapote",211);
INSERT INTO Distritos VALUES (21107,"Brisas",211);
INSERT INTO Distritos VALUES (21201,"Sarchí Norte",212);
INSERT INTO Distritos VALUES (21202,"Sarchí Sur",212);
INSERT INTO Distritos VALUES (21203,"Toro Amarillo",212);
INSERT INTO Distritos VALUES (21204,"San Pedro",212);
INSERT INTO Distritos VALUES (21205,"Rodríguez",212);
INSERT INTO Distritos VALUES (21301,"Upala",213);
INSERT INTO Distritos VALUES (21302,"Aguas Claras",213);
INSERT INTO Distritos VALUES (21303,"San José O Pizote",213);
INSERT INTO Distritos VALUES (21304,"Bijagua",213);
INSERT INTO Distritos VALUES (21305,"Delicias",213);
INSERT INTO Distritos VALUES (21306,"Dos Ríos",213);
INSERT INTO Distritos VALUES (21307,"Yolillal",213);
INSERT INTO Distritos VALUES (21308,"Canalete",213);
INSERT INTO Distritos VALUES (21401,"Los Chiles",214);
INSERT INTO Distritos VALUES (21402,"Caño Negro",214);
INSERT INTO Distritos VALUES (21403,"El Amparo",214);
INSERT INTO Distritos VALUES (21404,"San Jorge",214);
INSERT INTO Distritos VALUES (21501,"San Rafael",215);
INSERT INTO Distritos VALUES (21502,"Buenavista",215);
INSERT INTO Distritos VALUES (21503,"Cote",215);
INSERT INTO Distritos VALUES (21504,"Katira",215);
INSERT INTO Distritos VALUES (21601,"Río Cuarto",216);
INSERT INTO Distritos VALUES (21602,"Santa Rita",216);
INSERT INTO Distritos VALUES (21603,"Santa Isabel",216);
INSERT INTO Distritos VALUES (30101,"Oriental",301);
INSERT INTO Distritos VALUES (30102,"Occidental",301);
INSERT INTO Distritos VALUES (30103,"Carmen",301);
INSERT INTO Distritos VALUES (30104,"San Nicolás",301);
INSERT INTO Distritos VALUES (30105,"Aguacaliente O San Francisco",301);
INSERT INTO Distritos VALUES (30106,"Guadalupe O Arenilla",301);
INSERT INTO Distritos VALUES (30107,"Corralillo",301);
INSERT INTO Distritos VALUES (30108,"Tierra Blanca",301);
INSERT INTO Distritos VALUES (30109,"Dulce Nombre",301);
INSERT INTO Distritos VALUES (30110,"Llano Grande",301);
INSERT INTO Distritos VALUES (30111,"Quebradilla",301);
INSERT INTO Distritos VALUES (30201,"Paraíso",302);
INSERT INTO Distritos VALUES (30202,"Santiago",302);
INSERT INTO Distritos VALUES (30203,"Orosi",302);
INSERT INTO Distritos VALUES (30204,"Cachí",302);
INSERT INTO Distritos VALUES (30205,"Llanos De Santa Lucía",302);
INSERT INTO Distritos VALUES (30206,"Birrisito",302);
INSERT INTO Distritos VALUES (30301,"Tres Ríos",303);
INSERT INTO Distritos VALUES (30302,"San Diego",303);
INSERT INTO Distritos VALUES (30303,"San Juan",303);
INSERT INTO Distritos VALUES (30304,"San Rafael",303);
INSERT INTO Distritos VALUES (30305,"Concepción",303);
INSERT INTO Distritos VALUES (30306,"Dulce Nombre",303);
INSERT INTO Distritos VALUES (30307,"San Ramón",303);
INSERT INTO Distritos VALUES (30308,"Río Azul",303);
INSERT INTO Distritos VALUES (30401,"Juan Viñas",304);
INSERT INTO Distritos VALUES (30402,"Tucurrique",304);
INSERT INTO Distritos VALUES (30403,"Pejibaye",304);
INSERT INTO Distritos VALUES (30404,"La Victoria",304);
INSERT INTO Distritos VALUES (30501,"Turrialba",305);
INSERT INTO Distritos VALUES (30502,"La Suiza",305);
INSERT INTO Distritos VALUES (30503,"Peralta",305);
INSERT INTO Distritos VALUES (30504,"Santa Cruz",305);
INSERT INTO Distritos VALUES (30505,"Santa Teresita",305);
INSERT INTO Distritos VALUES (30506,"Pavones",305);
INSERT INTO Distritos VALUES (30507,"Tuis",305);
INSERT INTO Distritos VALUES (30508,"Tayutic",305);
INSERT INTO Distritos VALUES (30509,"Santa Rosa",305);
INSERT INTO Distritos VALUES (30510,"Tres Equis",305);
INSERT INTO Distritos VALUES (30511,"La Isabel",305);
INSERT INTO Distritos VALUES (30512,"Chirripó",305);
INSERT INTO Distritos VALUES (30601,"Pacayas",306);
INSERT INTO Distritos VALUES (30602,"Cervantes",306);
INSERT INTO Distritos VALUES (30603,"Capellades",306);
INSERT INTO Distritos VALUES (30701,"San Rafael",307);
INSERT INTO Distritos VALUES (30702,"Cot",307);
INSERT INTO Distritos VALUES (30703,"Potrero Cerrado",307);
INSERT INTO Distritos VALUES (30704,"Cipreses",307);
INSERT INTO Distritos VALUES (30705,"Santa Rosa",307);
INSERT INTO Distritos VALUES (30801,"El Tejar",308);
INSERT INTO Distritos VALUES (30802,"San Isidro",308);
INSERT INTO Distritos VALUES (30803,"Tobosi",308);
INSERT INTO Distritos VALUES (30804,"Patio De Agua",308);
INSERT INTO Distritos VALUES (40101,"Heredia",401);
INSERT INTO Distritos VALUES (40102,"Mercedes",401);
INSERT INTO Distritos VALUES (40103,"San Francisco",401);
INSERT INTO Distritos VALUES (40104,"Ulloa",401);
INSERT INTO Distritos VALUES (40105,"Vara Blanca",401);
INSERT INTO Distritos VALUES (40201,"Barva",402);
INSERT INTO Distritos VALUES (40202,"San Pedro",402);
INSERT INTO Distritos VALUES (40203,"San Pablo",402);
INSERT INTO Distritos VALUES (40204,"San Roque",402);
INSERT INTO Distritos VALUES (40205,"Santa Lucía",402);
INSERT INTO Distritos VALUES (40206,"San José De La Montaña",402);
INSERT INTO Distritos VALUES (40207,"Puente Salas",402);
INSERT INTO Distritos VALUES (40301,"Santo Domingo",403);
INSERT INTO Distritos VALUES (40302,"San Vicente",403);
INSERT INTO Distritos VALUES (40303,"San Miguel",403);
INSERT INTO Distritos VALUES (40304,"Paracito",403);
INSERT INTO Distritos VALUES (40305,"Santo Tomás",403);
INSERT INTO Distritos VALUES (40306,"Santa Rosa",403);
INSERT INTO Distritos VALUES (40307,"Tures",403);
INSERT INTO Distritos VALUES (40308,"Pará",403);
INSERT INTO Distritos VALUES (40401,"Santa Bárbara",404);
INSERT INTO Distritos VALUES (40402,"San Pedro",404);
INSERT INTO Distritos VALUES (40403,"San Juan",404);
INSERT INTO Distritos VALUES (40404,"Jesús",404);
INSERT INTO Distritos VALUES (40405,"Santo Domingo",404);
INSERT INTO Distritos VALUES (40406,"Purabá",404);
INSERT INTO Distritos VALUES (40501,"San Rafael",405);
INSERT INTO Distritos VALUES (40502,"San Josecito",405);
INSERT INTO Distritos VALUES (40503,"Santiago",405);
INSERT INTO Distritos VALUES (40504,"Ángeles",405);
INSERT INTO Distritos VALUES (40505,"Concepción",405);
INSERT INTO Distritos VALUES (40601,"San Isidro",406);
INSERT INTO Distritos VALUES (40602,"San José",406);
INSERT INTO Distritos VALUES (40603,"Concepción",406);
INSERT INTO Distritos VALUES (40604,"San Francisco",406);
INSERT INTO Distritos VALUES (40701,"San Antonio",407);
INSERT INTO Distritos VALUES (40702,"La Ribera",407);
INSERT INTO Distritos VALUES (40703,"La Asunción",407);
INSERT INTO Distritos VALUES (40801,"San Joaquín",408);
INSERT INTO Distritos VALUES (40802,"Barrantes",408);
INSERT INTO Distritos VALUES (40803,"Llorente",408);
INSERT INTO Distritos VALUES (40901,"San Pablo",409);
INSERT INTO Distritos VALUES (40902,"Rincón Sabanilla",409);
INSERT INTO Distritos VALUES (41001,"Puerto Viejo",410);
INSERT INTO Distritos VALUES (41002,"La Virgen",410);
INSERT INTO Distritos VALUES (41003,"Las Horquetas",410);
INSERT INTO Distritos VALUES (41004,"Llanuras Del Gaspar",410);
INSERT INTO Distritos VALUES (41005,"Cureña",410);
INSERT INTO Distritos VALUES (50101,"Liberia",501);
INSERT INTO Distritos VALUES (50102,"Cañas Dulces",501);
INSERT INTO Distritos VALUES (50103,"Mayorga",501);
INSERT INTO Distritos VALUES (50104,"Nacascolo",501);
INSERT INTO Distritos VALUES (50105,"Curubandé",501);
INSERT INTO Distritos VALUES (50201,"Nicoya",502);
INSERT INTO Distritos VALUES (50202,"Mansión",502);
INSERT INTO Distritos VALUES (50203,"San Antonio",502);
INSERT INTO Distritos VALUES (50204,"Quebrada Honda",502);
INSERT INTO Distritos VALUES (50205,"Sámara",502);
INSERT INTO Distritos VALUES (50206,"Nosara",502);
INSERT INTO Distritos VALUES (50207,"Belén De Nosarita",502);
INSERT INTO Distritos VALUES (50301,"Santa Cruz",503);
INSERT INTO Distritos VALUES (50302,"Bolsón",503);
INSERT INTO Distritos VALUES (50303,"Veintisiete De Abril",503);
INSERT INTO Distritos VALUES (50304,"Tempate",503);
INSERT INTO Distritos VALUES (50305,"Cartagena",503);
INSERT INTO Distritos VALUES (50306,"Cuajiniquil",503);
INSERT INTO Distritos VALUES (50307,"Diriá",503);
INSERT INTO Distritos VALUES (50308,"Cabo Velas",503);
INSERT INTO Distritos VALUES (50309,"Tamarindo",503);
INSERT INTO Distritos VALUES (50401,"Bagaces",504);
INSERT INTO Distritos VALUES (50402,"La Fortuna",504);
INSERT INTO Distritos VALUES (50403,"Mogote",504);
INSERT INTO Distritos VALUES (50404,"Río Naranjo",504);
INSERT INTO Distritos VALUES (50501,"Filadelfia",505);
INSERT INTO Distritos VALUES (50502,"Palmira",505);
INSERT INTO Distritos VALUES (50503,"Sardinal",505);
INSERT INTO Distritos VALUES (50504,"Belén",505);
INSERT INTO Distritos VALUES (50601,"Cañas",506);
INSERT INTO Distritos VALUES (50602,"Palmira",506);
INSERT INTO Distritos VALUES (50603,"San Miguel",506);
INSERT INTO Distritos VALUES (50604,"Bebedero",506);
INSERT INTO Distritos VALUES (50605,"Porozal",506);
INSERT INTO Distritos VALUES (50701,"Las Juntas",507);
INSERT INTO Distritos VALUES (50702,"Sierra",507);
INSERT INTO Distritos VALUES (50703,"San Juan",507);
INSERT INTO Distritos VALUES (50704,"Colorado",507);
INSERT INTO Distritos VALUES (50801,"Tilarán",508);
INSERT INTO Distritos VALUES (50802,"Quebrada Grande",508);
INSERT INTO Distritos VALUES (50803,"Tronadora",508);
INSERT INTO Distritos VALUES (50804,"Santa Rosa",508);
INSERT INTO Distritos VALUES (50805,"Líbano",508);
INSERT INTO Distritos VALUES (50806,"Tierras Morenas",508);
INSERT INTO Distritos VALUES (50807,"Arenal",508);
INSERT INTO Distritos VALUES (50808,"Cabeceras",508);
INSERT INTO Distritos VALUES (50901,"Carmona",509);
INSERT INTO Distritos VALUES (50902,"Santa Rita",509);
INSERT INTO Distritos VALUES (50903,"Zapotal",509);
INSERT INTO Distritos VALUES (50904,"San Pablo",509);
INSERT INTO Distritos VALUES (50905,"Porvenir",509);
INSERT INTO Distritos VALUES (50906,"Bejuco",509);
INSERT INTO Distritos VALUES (51001,"La Cruz",510);
INSERT INTO Distritos VALUES (51002,"Santa Cecilia",510);
INSERT INTO Distritos VALUES (51003,"La Garita",510);
INSERT INTO Distritos VALUES (51004,"Santa Elena",510);
INSERT INTO Distritos VALUES (51101,"Hojancha",511);
INSERT INTO Distritos VALUES (51102,"Monte Romo",511);
INSERT INTO Distritos VALUES (51103,"Puerto Carrillo",511);
INSERT INTO Distritos VALUES (51104,"Huacas",511);
INSERT INTO Distritos VALUES (51105,"Matambú",511);
INSERT INTO Distritos VALUES (60101,"Puntarenas",601);
INSERT INTO Distritos VALUES (60102,"Pitahaya",601);
INSERT INTO Distritos VALUES (60103,"Chomes",601);
INSERT INTO Distritos VALUES (60104,"Lepanto",601);
INSERT INTO Distritos VALUES (60105,"Paquera",601);
INSERT INTO Distritos VALUES (60106,"Manzanillo",601);
INSERT INTO Distritos VALUES (60107,"Guacimal",601);
INSERT INTO Distritos VALUES (60108,"Barranca",601);
INSERT INTO Distritos VALUES (60111,"Cóbano",601);
INSERT INTO Distritos VALUES (60112,"Chacarita",601);
INSERT INTO Distritos VALUES (60113,"Chira",601);
INSERT INTO Distritos VALUES (60114,"Acapulco",601);
INSERT INTO Distritos VALUES (60115,"El Roble",601);
INSERT INTO Distritos VALUES (60116,"Arancibia",601);
INSERT INTO Distritos VALUES (60201,"Espíritu Santo",602);
INSERT INTO Distritos VALUES (60202,"San Juan Grande",602);
INSERT INTO Distritos VALUES (60203,"Macacona",602);
INSERT INTO Distritos VALUES (60204,"San Rafael",602);
INSERT INTO Distritos VALUES (60205,"San Jerónimo",602);
INSERT INTO Distritos VALUES (60206,"Caldera",602);
INSERT INTO Distritos VALUES (60301,"Buenos Aires",603);
INSERT INTO Distritos VALUES (60302,"Volcán",603);
INSERT INTO Distritos VALUES (60303,"Potrero Grande",603);
INSERT INTO Distritos VALUES (60304,"Boruca",603);
INSERT INTO Distritos VALUES (60305,"Pilas",603);
INSERT INTO Distritos VALUES (60306,"Colinas",603);
INSERT INTO Distritos VALUES (60307,"Chánguena",603);
INSERT INTO Distritos VALUES (60308,"Biolley",603);
INSERT INTO Distritos VALUES (60309,"Brunka",603);
INSERT INTO Distritos VALUES (60401,"Miramar",604);
INSERT INTO Distritos VALUES (60402,"La Unión",604);
INSERT INTO Distritos VALUES (60403,"San Isidro",604);
INSERT INTO Distritos VALUES (60501,"Puerto Cortés",605);
INSERT INTO Distritos VALUES (60502,"Palmar",605);
INSERT INTO Distritos VALUES (60503,"Sierpe",605);
INSERT INTO Distritos VALUES (60504,"Bahía Ballena",605);
INSERT INTO Distritos VALUES (60505,"Piedras Blancas",605);
INSERT INTO Distritos VALUES (60506,"Bahía Drake",605);
INSERT INTO Distritos VALUES (60601,"Quepos",606);
INSERT INTO Distritos VALUES (60602,"Savegre",606);
INSERT INTO Distritos VALUES (60603,"Naranjito",606);
INSERT INTO Distritos VALUES (60701,"Golfito",607);
INSERT INTO Distritos VALUES (60703,"Guaycará",607);
INSERT INTO Distritos VALUES (60704,"Pavón",607);
INSERT INTO Distritos VALUES (60801,"San Vito",608);
INSERT INTO Distritos VALUES (60802,"Sabalito",608);
INSERT INTO Distritos VALUES (60803,"Aguabuena",608);
INSERT INTO Distritos VALUES (60804,"Limoncito",608);
INSERT INTO Distritos VALUES (60805,"Pittier",608);
INSERT INTO Distritos VALUES (60806,"Gutiérrez Braun",608);
INSERT INTO Distritos VALUES (60901,"Parrita",609);
INSERT INTO Distritos VALUES (61001,"Corredor",610);
INSERT INTO Distritos VALUES (61002,"La Cuesta",610);
INSERT INTO Distritos VALUES (61003,"Canoas",610);
INSERT INTO Distritos VALUES (61004,"Laurel",610);
INSERT INTO Distritos VALUES (61101,"Jacó",611);
INSERT INTO Distritos VALUES (61102,"Tárcoles",611);
INSERT INTO Distritos VALUES (61103,"Lagunillas",611);
INSERT INTO Distritos VALUES (61201,"Monteverde",612);
INSERT INTO Distritos VALUES (61301,"Puerto Jiménez",613);
INSERT INTO Distritos VALUES (70101,"Limón",701);
INSERT INTO Distritos VALUES (70102,"Valle La Estrella",701);
INSERT INTO Distritos VALUES (70103,"Río Blanco",701);
INSERT INTO Distritos VALUES (70104,"Matama",701);
INSERT INTO Distritos VALUES (70201,"Guápiles",702);
INSERT INTO Distritos VALUES (70202,"Jiménez",702);
INSERT INTO Distritos VALUES (70203,"Rita",702);
INSERT INTO Distritos VALUES (70204,"Roxana",702);
INSERT INTO Distritos VALUES (70205,"Cariari",702);
INSERT INTO Distritos VALUES (70206,"Colorado",702);
INSERT INTO Distritos VALUES (70207,"La Colonia",702);
INSERT INTO Distritos VALUES (70301,"Siquirres",703);
INSERT INTO Distritos VALUES (70302,"Pacuarito",703);
INSERT INTO Distritos VALUES (70303,"Florida",703);
INSERT INTO Distritos VALUES (70304,"Germania",703);
INSERT INTO Distritos VALUES (70305,"El Cairo",703);
INSERT INTO Distritos VALUES (70306,"La Alegría",703);
INSERT INTO Distritos VALUES (70307,"Reventazón",703);
INSERT INTO Distritos VALUES (70401,"Bratsi",704);
INSERT INTO Distritos VALUES (70402,"Sixaola",704);
INSERT INTO Distritos VALUES (70403,"Cahuita",704);
INSERT INTO Distritos VALUES (70404,"Telire",704);
INSERT INTO Distritos VALUES (70501,"Matina",705);
INSERT INTO Distritos VALUES (70502,"Batán",705);
INSERT INTO Distritos VALUES (70503,"Carrandi",705);
INSERT INTO Distritos VALUES (70601,"Guácimo",706);
INSERT INTO Distritos VALUES (70602,"Mercedes",706);
INSERT INTO Distritos VALUES (70603,"Pocora",706);
INSERT INTO Distritos VALUES (70604,"Río Jiménez",706);
INSERT INTO Distritos VALUES (70605,"Duacarí",706);
INSERT INTO Usuarios (NivelAcceso, Username, Password) VALUES (0,"[Usuario Eliminado]", "*");
INSERT INTO Usuarios (NivelAcceso, Username, Password) VALUES (1,"Jorge Bastos","culto");
INSERT INTO Usuarios (NivelAcceso, Username, Password) VALUES (2,"Hoshimachi Suisei","kyoumokawaii");
INSERT INTO Usuarios (NivelAcceso, Username, Password) VALUES (3,"Pipkin Pippa","mold");
INSERT INTO Usuarios (NivelAcceso, Username, Password) VALUES (4,"Eiai Nano","rentarou");
INSERT INTO TipoReporte VALUES (1,"Hueco");
INSERT INTO TipoReporte VALUES (2,"Calle Bloqueada");
INSERT INTO TipoReporte VALUES (3,"Deslizamiento");
INSERT INTO TipoReporte VALUES (4,"Inundacion");
INSERT INTO TipoReporte VALUES (5,"Infraestructura Peligrosa");
INSERT INTO TipoReporte VALUES (6,"Otro");
--en areas rurales de guanacaste es comun que la gente use caballos como transporte
INSERT INTO TipoReporte Values (7,"Caballo Muerto Bloqueando Calle");
INSERT INTO TipoReporte Values (8,"Vehiculo Bloqueando Calle");
INSERT INTO Usuarios_has_Distritos VALUES (2,10201);
INSERT INTO Usuarios_has_Distritos VALUES (2,10202);
INSERT INTO Usuarios_has_Distritos VALUES (2,10203);
DROP VIEW IF EXISTS `mydb`.`UsuariosDistritosView`;

CREATE VIEW IF NOT EXISTS `UsuariosDistritosView` AS 
SELECT
    d.DistritoId,
    d.Distrito,
    c.Canton,
    p.Provincia,
    U1.Usuarios_UsuarioId as `UsuarioId`
FROM
    Distritos d
INNER JOIN Usuarios_has_Distritos U1
    ON U1.Distritos_DistritoId = d.DistritoId
INNER JOIN Cantones c
    ON d.CantonId = c.CantonId
INNER JOIN Provincias p
    ON p.ProvinciaId = c.ProvinciaId;



DROP VIEW IF EXISTS `mydb`.`ProvinciasCantonesView`;

CREATE VIEW IF NOT EXISTS `ProvinciasCantonesView` AS 
SELECT
    p.ProvinciaId AS `ProvinciaId`,
    c.CantonId AS `CantonId`,
    d.DistritoId AS `DistritoId`
FROM
    Distritos d
INNER JOIN Cantones c
    ON c.CantonId = d.CantonId
INNER JOIN Provincias p
    ON p.ProvinciaId = c.ProvinciaId
